ID,target
test_2,0.7195805070495742
test_3,0.09355157135275698
test_4,0.21786821308465193
test_8,0.7599038214015847
test_9,0.23489205984963082
test_10,0.1977227067306127
test_11,0.5317863144241843
test_14,0.5341025161252296
test_16,0.7108277028486316
test_19,0.640279919716633
test_20,0.41091626279422333
test_22,0.6834104976756027
test_23,0.745090846390451
test_24,0.7273812214245217
test_26,0.6997384251939271
test_27,0.7734827330202927
test_28,0.6281833977807789
test_30,0.21684822303993662
test_33,0.19549421379451043
test_34,0.7954679522344212
test_35,0.9068756978906266
test_36,0.4582903100437426
test_37,0.8229134578380751
test_40,0.3133877315381893
test_41,0.7441492938616123
test_42,0.7078818071225746
test_43,0.5876567568020103
test_44,0.7516633338296738
test_45,0.48221611540165843
test_46,0.4379157658850257
test_48,0.05540013991200759
test_49,0.5014977059027964
test_51,0.38120452474224453
test_52,0.31515047846273636
test_53,0.6003433789283138
test_54,0.22185429113863597
test_55,0.6627147380683299
test_56,0.012251115668963296
test_58,0.672240154962515
test_59,0.21332615200941166
test_63,0.8737193064869372
test_64,0.6385803892495625
test_65,0.7335405228123936
test_66,0.7767572948160326
test_67,0.052355492928781076
test_69,0.5814181806534046
test_70,0.6995737898261153
test_71,0.5819523440946149
test_72,0.5647095888916631
test_75,0.502431088929904
test_76,0.8191932056825074
test_78,0.7512838084012134
test_80,0.09557860565353692
test_81,0.7262042744797919
test_83,0.3588601991499282
test_85,0.4664559669535649
test_90,0.24098090281601153
test_92,0.8425599706718934
test_93,0.17568681458695276
test_94,0.21745481395457822
test_95,0.855037488351651
test_96,0.2811052868301772
test_97,0.638356279598217
test_98,0.5866252447293523
test_101,0.48343485292181554
test_102,0.8358126361897438
test_103,0.09072549590785763
test_105,0.5209206910181945
test_106,0.04527257173690397
test_107,0.6940038219907055
test_108,0.7442620229853297
test_109,0.5566767456113388
test_110,0.1251203329983049
test_111,0.8286063908161152
test_112,0.6145907072784145
test_115,0.029425556931908833
test_116,0.1997615299817673
test_119,0.8243584586666022
test_120,0.0619516788419229
test_123,0.5248093341606466
test_124,0.7538291983263586
test_125,0.0969657430068907
test_126,0.7971616995609345
test_127,0.3404770248893782
test_130,0.739464070511508
test_132,0.301488044994388
test_133,0.8065741491106546
test_134,0.7614773425678325
test_136,0.7583311551647705
test_137,0.6654070325766903
test_138,0.3522988681639697
test_140,0.33747364842471805
test_141,0.045862605390323476
test_142,0.632175919456122
test_143,0.40592288478064237
test_145,0.6439763154585808
test_146,0.28248033722087385
test_147,0.5463443965617335
test_148,0.663576343024949
test_149,0.7694251860703138
test_150,0.31323906338606766
test_151,0.18247899146798385
test_153,0.547627595511513
test_154,0.44972538529070355
test_157,0.5212723903471964
test_158,0.2970046758123304
test_160,0.3327804791243739
test_163,0.1607867007329093
test_165,0.08417357572039758
test_167,0.3070954724198197
test_168,0.7813056547943386
test_169,0.7852025237108141
test_170,0.6305713498043681
test_171,0.3241314469623383
test_172,0.6448169427337328
test_173,0.8836048732004772
test_174,0.8058864816169947
test_175,0.08729997149836244
test_176,0.1810747791653134
test_177,0.5550010844242458
test_178,0.12718041108710113
test_179,0.12060289504077097
test_181,0.6061844681545955
test_184,0.2203021488208892
test_186,0.036456240868209734
test_188,0.16055319304398935
test_189,0.7114529850799535
test_190,0.779392926432828
test_192,0.1810029593028265
test_193,0.28123066485551107
test_195,0.8371635143642504
test_196,0.42437053432211747
test_197,0.4933907931425067
test_198,0.8288440087560247
test_201,0.8160689503348665
test_202,0.8136888137630904
test_203,0.10718773873946646
test_208,0.869774410801725
test_209,0.7673654388052674
test_210,0.10176718378844792
test_211,0.7354939513431922
test_212,0.5273482786364968
test_213,0.21184154708725994
test_214,0.6481652541452224
test_215,0.18592582209169287
test_216,0.23771219336012508
test_218,0.09595563810712363
test_219,0.6593414811796319
test_220,0.794994896208821
test_221,0.6270987985845881
test_222,0.306833701464399
test_223,0.07199219869900858
test_224,0.7885632831524994
test_226,0.82016661582077
test_227,0.7127092185123725
test_229,0.7254968804710583
test_231,0.6526938740433845
test_232,0.5711742080039093
test_233,0.5669113146444679
test_234,0.5713946284812995
test_236,0.22570450714866191
test_238,0.34220102754420567
test_240,0.6233068570251762
test_241,0.09444818574190895
test_242,0.37143047992995243
test_243,0.32887468017007515
test_244,0.5537455786143773
test_245,0.032439757909625826
test_250,0.40558988212913
test_251,0.7323681038700394
test_252,0.7201436013821915
test_253,0.6775850265391694
test_254,0.8296216158750847
test_256,0.8670830836780063
test_258,0.5379756836579974
test_259,0.38853095509749236
test_260,0.5269034322510263
test_261,0.6564549877316787
test_263,0.5150628245932711
test_264,0.5690465717680322
test_266,0.055312771761868045
test_267,0.214159098404704
test_268,0.14357071393322587
test_269,0.31893864640012076
test_270,0.716626646295513
test_272,0.807792928769975
test_273,0.6774053491479709
test_275,0.1804606053983557
test_276,0.1291156285385529
test_277,0.059818246490178716
test_279,0.8593470497861179
test_281,0.6752083059649141
test_282,0.3591733538004777
test_283,0.10061649985799959
test_284,0.44157104240882755
test_285,0.26994546700017624
test_286,0.33427406820161526
test_289,0.5927941888211504
test_290,0.46554198662542917
test_291,0.06902361157408007
test_302,0.7802846416785876
test_303,0.7768997762486398
test_304,0.4478620466801778
test_306,0.7940344245358539
test_308,0.2342189617112574
test_309,0.32585695533207487
test_310,0.3864479943379086
test_311,0.5922599332879941
test_312,0.2530233622631712
test_313,0.40095129552252123
test_316,0.12836909413950617
test_318,0.4833221530780313
test_319,0.3337444688310252
test_321,0.2677836227523635
test_330,0.6818421156276928
test_331,0.8188551325923071
test_334,0.46340068893862557
test_335,0.21633868586975097
test_337,0.5965492809763199
test_338,0.8294465280424199
test_339,0.5607891125124463
test_340,0.29843430692661155
test_342,0.6988473780426672
test_344,0.33935422010600913
test_345,0.5917240654450369
test_346,0.5386731965899705
test_347,0.6125441717192729
test_348,0.5148033865887941
test_349,0.720017921250516
test_350,0.5929268418439627
test_351,0.2808422369801801
test_352,0.6486614295926753
test_353,0.1763817142716854
test_354,0.1087114795892688
test_356,0.7198513337828512
test_359,0.1439348199032786
test_360,0.10977912182254433
test_361,0.6822968602174961
test_363,0.21089121723592802
test_365,0.83081991935781
test_366,0.29262598599927125
test_367,0.6307447163734462
test_368,0.46877707466744295
test_369,0.6306459949339439
test_371,0.5495460028038244
test_372,0.30672020996233784
test_373,0.763289827853993
test_375,0.7649406387342321
test_378,0.6582729104596136
test_380,0.7614786337996436
test_381,0.1818672433938742
test_383,0.40440831314473147
test_384,0.09940494596834104
test_385,0.1740263414387578
test_386,0.8479139217503797
test_388,0.6714845395743448
test_389,0.22677188038253
test_390,0.4532082491333456
test_393,0.8926356630453375
test_394,0.8911303789569265
test_395,0.5902352649980926
test_396,0.736426924417609
test_397,0.6574901549866153
test_398,0.4129270501281786
test_401,0.5775679300332217
test_402,0.23477324140313457
test_403,0.4140037723754954
test_406,0.18794227218472212
test_407,0.8170742019131467
test_410,0.20565847541884638
test_411,0.5334655624244506
test_412,0.6670293332944018
test_413,0.5356465863480715
test_414,0.8240433855462965
test_416,0.18407038937532236
test_417,0.7385339588558864
test_418,0.04383481234815434
test_419,0.37771860296207754
test_420,0.5201933602743
test_421,0.9420165719355249
test_423,0.6637154118235878
test_424,0.5640066411909583
test_426,0.521960306911286
test_428,0.8739540425817374
test_429,0.6441786734773841
test_430,0.08243550186878283
test_431,0.261710031312442
test_432,0.7917752410108119
test_435,0.7631700964256968
test_436,0.4949753377337607
test_437,0.5122469102136428
test_438,0.7749861258111058
test_441,0.20422699200093797
test_442,0.25971648328788505
test_444,0.835908418660312
test_445,0.06805822975503482
test_446,0.042415386102772304
test_447,0.09704103382570478
test_448,0.26539425228603186
test_449,0.1895951491555352
test_450,0.7952214356693782
test_452,0.40645062759526995
test_453,0.8969781541158559
test_454,0.5294812523931167
test_455,0.10321785969076187
test_456,0.3228980671677674
test_457,0.2052535670031707
test_458,0.046246282471800786
test_459,0.13603865783081506
test_461,0.24700801193737526
test_463,0.442193977028457
test_464,0.2626477104857171
test_465,0.7299091798680599
test_466,0.6253667483807192
test_467,0.5688306003450052
test_470,0.0953635943070072
test_471,0.3035855696936198
test_473,0.5909066597370803
test_474,0.32977502845391965
test_475,0.7882669916019319
test_476,0.14223734769064328
test_477,0.5435970695937452
test_478,0.30856872676905855
test_479,0.7426373377596938
test_481,0.04037257445346032
test_482,0.35260028038156477
test_483,0.36922230432661723
test_484,0.556171919538662
test_485,0.7118033089129652
test_486,0.7207153406095904
test_487,0.39850497820876973
test_488,0.7313849748841509
test_489,0.6030510931308757
test_490,0.7122186778663527
test_491,0.5078719466036188
test_492,0.6244223183332637
test_494,0.5449833800147594
test_496,0.24767047719023882
test_497,0.024590740461100418
test_498,0.027349885349881347
test_499,0.7740142011884047
test_500,0.2728353772779412
test_501,0.8017104568231919
test_502,0.4871000084385354
test_504,0.6239883691559729
test_505,0.8614281959485774
test_507,0.04787945589093934
test_508,0.4011261966679919
test_509,0.14239313996258848
test_510,0.3923859742202929
test_511,0.5989553269987473
test_512,0.6995737898261153
test_513,0.5400826828519153
test_516,0.6509819238439688
test_517,0.3261193453227261
test_518,0.830292662738235
test_520,0.6574658216105115
test_521,0.5450554364136048
test_524,0.07451717936544765
test_525,0.6352851673957917
test_526,0.3484441175056736
test_527,0.8097682962386799
test_530,0.6069553974619959
test_533,0.0714900947261883
test_534,0.7232434257487981
test_535,0.23296256375398622
test_536,0.5837814414492982
test_537,0.18832866693442712
test_539,0.42870243298969124
test_540,0.491042326223768
test_542,0.5454668288009666
test_544,0.7276031919114031
test_548,0.7699775559924019
test_550,0.10901307128601055
test_551,0.28071533156530487
test_552,0.6926002899498884
test_554,0.8082678958315366
test_555,0.30683113443264404
test_557,0.7280527910783772
test_560,0.7129612883801817
test_561,0.527399284688768
test_562,0.5116066643450783
test_563,0.686696719074033
test_565,0.11745582844692173
test_568,0.7067806140774453
test_569,0.20953664373019482
test_570,0.06922900699751794
test_571,0.8420230318362696
test_572,0.3503789988571156
test_573,0.7263402359791323
test_574,0.1412187428041438
test_575,0.6766693760390299
test_576,0.38241518538593966
test_579,0.08806129545264846
test_580,0.8777630610620532
test_581,0.06445806809000265
test_582,0.10129283456004082
test_583,0.6110447561751245
test_585,0.20346920788017378
test_586,0.17770029903518855
test_587,0.4479704726193969
test_590,0.3465635216133193
test_591,0.2161998774608037
test_593,0.7487187771226995
test_595,0.14874934170972764
test_596,0.03798510680737896
test_597,0.28812922655849305
test_598,0.7722661496412198
test_599,0.15012904888873113
test_600,0.8865266963258546
test_601,0.8955609104163433
test_602,0.6876301627914927
test_603,0.5985565623767253
test_604,0.07741799429229941
test_605,0.6864190811503704
test_606,0.7822880476046136
test_607,0.14303751328176154
test_608,0.653546293596418
test_609,0.514862039857312
test_610,0.25733453271771206
test_613,0.20119638526051295
test_614,0.24392318602382818
test_615,0.23242274403613108
test_616,0.2587802345068967
test_617,0.33374412387551733
test_619,0.40076819166068556
test_620,0.29679127198311417
test_622,0.5247800738115935
test_625,0.5223115365971346
test_626,0.5139813767513676
test_627,0.20797960342938146
test_628,0.2727788549680168
test_629,0.5763918635585067
test_631,0.25570476903990524
test_632,0.2516931979412494
test_634,0.6447508528980047
test_635,0.09457221946030699
test_637,0.5580729903812963
test_638,0.7366565649387935
test_639,0.27493299397276333
test_640,0.12072897749796883
test_641,0.09841739022189076
test_642,0.8638764966211017
test_644,0.15085343186337788
test_645,0.04149343397312298
test_647,0.24390602214337795
test_648,0.8548079742526988
test_649,0.40502565946909574
test_650,0.7933999779852865
test_651,0.7525421121062402
test_653,0.03986200647229006
test_655,0.46026850910045464
test_656,0.4127877907539896
test_657,0.6317917095526197
test_658,0.8188521693253591
test_659,0.5640201040467083
test_661,0.6731121415886133
test_662,0.5918127313894198
test_664,0.3078815252518555
test_667,0.14543280170581457
test_669,0.7352175459174535
test_672,0.6864927129407482
test_674,0.5730043972089814
test_675,0.17333099006760785
test_676,0.5878290448407482
test_677,0.2715721662157551
test_679,0.6648083871895406
test_680,0.19049249617044195
test_681,0.7627022495376913
test_682,0.4959893495440493
test_688,0.381785065169045
test_689,0.6491179173105305
test_690,0.7640123588944392
test_691,0.3845859492271361
test_693,0.6001991406146121
test_695,0.06267348530243355
test_696,0.640774067933147
test_697,0.1424549980557408
test_698,0.832922620468797
test_699,0.483329512901823
test_701,0.18914188796844342
test_703,0.04288656033873984
test_704,0.49638672655001626
test_705,0.5404785697812673
test_706,0.5399131625376123
test_709,0.30090751321443276
test_711,0.13992728363191193
test_713,0.19702911141341306
test_714,0.8674959480098313
test_715,0.6215085655619601
test_716,0.05346675618252464
test_717,0.6092293268018718
test_718,0.25160165401897316
test_719,0.3630612981057195
test_722,0.04950772394524579
test_723,0.4448407176095959
test_724,0.7887377236007739
test_726,0.06563547736100835
test_727,0.6571089315553672
test_732,0.6433250995551825
test_734,0.6042262897156377
test_735,0.24957248602620566
test_736,0.5853227628788872
test_738,0.8370403563752111
test_739,0.4452116289253857
test_740,0.8144274139126574
test_741,0.0255074989914159
test_743,0.18815352968368956
test_744,0.4670396230453391
test_746,0.5267243944638474
test_748,0.6422208485561085
test_749,0.8856569103953255
test_751,0.035157858086484
test_752,0.7704509541968962
test_754,0.7466540710555062
test_755,0.15705466129582324
test_756,0.7352877738542583
test_757,0.3644369008584151
test_758,0.726831689531416
test_760,0.603841895397095
test_761,0.22195982783155288
test_762,0.4648239835320175
test_766,0.18399308881956725
test_767,0.05140721683274576
test_768,0.3878679823791824
test_771,0.0689017897771651
test_772,0.039892185237139756
test_773,0.6671764304483832
test_776,0.7908505287998887
test_777,0.6187128679289614
test_778,0.8009151034916867
test_780,0.7042033407971144
test_782,0.4332829559700126
test_784,0.14253227418817005
test_785,0.7388402341801638
test_786,0.7146291217136876
test_789,0.6244902676405822
test_790,0.6116884942362182
test_791,0.38754061183651095
test_792,0.8384796813061032
test_793,0.08052941962546173
test_794,0.7424689871315567
test_795,0.13309985494338933
test_797,0.4524736302772432
test_802,0.8199654390154257
test_803,0.8028233431372408
test_806,0.3015893002140622
test_807,0.6077939908462736
test_808,0.7024244249249746
test_809,0.3316981542030733
test_810,0.5458572673051708
test_811,0.5019761809724084
test_813,0.2815910524557163
test_814,0.23523330308669105
test_815,0.4424146579437114
test_817,0.6240635727511935
test_818,0.6525943961422566
test_819,0.6788195851689597
test_820,0.062206071138994734
test_821,0.20583542831728713
test_826,0.08146155499276109
test_827,0.763771349440398
test_828,0.7349894597931534
test_832,0.35821453730419595
test_835,0.004828195252110685
test_837,0.24416831270036932
test_838,0.655611427437263
test_840,0.3175623072725274
test_841,0.729932375291187
test_843,0.3994781150730475
test_844,0.4886995711847309
test_848,0.77838528651618
test_849,0.8084871774800202
test_850,0.6859317101368566
test_851,0.6928124189232839
test_852,0.3320042069427802
test_853,0.7904368304925147
test_854,0.7063382358253889
test_856,0.16985854829766178
test_857,0.09908519777877828
test_860,0.7478947835026104
test_861,0.6342948286030992
test_862,0.27378416645178133
test_863,0.18508915591500602
test_864,0.6332633552604056
test_865,0.6802883738302978
test_867,0.23000806567646195
test_868,0.5616197057141593
test_870,0.7381112559084643
test_871,0.31144886173466924
test_873,0.6180367290703128
test_876,0.4391895265536876
test_879,0.1520957962072909
test_880,0.7847086483751845
test_881,0.6512432546886868
test_883,0.34234401322070684
test_884,0.7225944298244251
test_885,0.47378132263237216
test_886,0.5417178474305454
test_887,0.6459164177108639
test_890,0.7915858633198438
test_891,0.859935737613104
test_892,0.6626968344432532
test_893,0.3794654770661162
test_895,0.6591002112442134
test_897,0.06248482682290762
test_898,0.8081839516849046
test_899,0.7051579050617002
test_900,0.6617060041061004
test_901,0.16962340670668766
test_902,0.1676098647399531
test_903,0.29193596187814685
test_904,0.5789057495395118
test_905,0.22280457297733683
test_908,0.43358140467593476
test_910,0.7452843068739805
test_911,0.8163365070150554
test_912,0.6436026898370966
test_913,0.18678590569056824
test_916,0.1305434455016387
test_917,0.7019519218237791
test_919,0.5425236658108158
test_920,0.8128831594690287
test_921,0.6441404127940442
test_922,0.7886879358861041
test_924,0.3633330301801802
test_925,0.5426076667365488
test_926,0.1484682130802812
test_927,0.13016049545329605
test_929,0.8248094966430133
test_930,0.4716765793718663
test_931,0.24762989351848083
test_932,0.7579634116633958
test_933,0.736036330190589
test_935,0.7294349390727908
test_937,0.5914340688805629
test_939,0.038816813572199335
test_940,0.18472449353498221
test_942,0.6906348641639363
test_943,0.2448574846292333
test_944,0.8257867627077751
test_947,0.07586399343182615
test_949,0.7290183101360865
test_950,0.6517862725889627
test_951,0.6507301992358594
test_952,0.07062706572213412
test_953,0.04854652435156209
test_955,0.23945630490709063
test_956,0.15105619465545336
test_957,0.32372392311286063
test_960,0.687626372774259
test_961,0.1440811754500082
test_963,0.8935425846427534
test_964,0.15904956108083515
test_965,0.7187694815633676
test_968,0.36249579432330054
test_970,0.6955036073456855
test_971,0.43353765443203995
test_972,0.12621657815458348
test_973,0.2149722373219825
test_975,0.5609569914866658
test_979,0.5031950038359284
test_980,0.22160769042899575
test_983,0.5347460346071082
test_984,0.20052691688262053
test_985,0.13711027354582755
test_986,0.1407276506339475
test_988,0.29276646488149294
test_989,0.7028219119214084
test_991,0.5774414080346094
test_992,0.36425088832475594
test_993,0.5788762005943617
test_997,0.7179982988045203
test_998,0.27704379427454795
test_1002,0.5157543637647837
test_1003,0.8651109336544212
test_1004,0.8143029570683601
test_1005,0.6472523603629393
test_1007,0.648232842664625
test_1009,0.373250319582109
test_1011,0.35886186758297345
test_1014,0.649690587549385
test_1015,0.6749033599393969
test_1016,0.1312620680679072
test_1017,0.12064146788153983
test_1019,0.0288679619252402
test_1020,0.7110722638962743
test_1021,0.2925013954800082
test_1022,0.8167310343966675
test_1023,0.08410653767692154
test_1024,0.023359097949546093
test_1025,0.12735256287711433
test_1027,0.6453088507646968
test_1028,0.5851810657541349
test_1029,0.3974741440345139
test_1030,0.6777566516202009
test_1032,0.7326821368744831
test_1034,0.8275103760083993
test_1035,0.8286992084725638
test_1038,0.7153301910475075
test_1039,0.19436956134003028
test_1040,0.2701283653606131
test_1041,0.7862863587606397
test_1043,0.27112326997024166
test_1044,0.1734211420216386
test_1045,0.1716363318229457
test_1047,0.6197445564265474
test_1048,0.23789504363145106
test_1050,0.40077465483483105
test_1051,0.6442728829043322
test_1052,0.1950898583197759
test_1053,0.8531281373648167
test_1055,0.20129092740444954
test_1056,0.17851766429792265
test_1058,0.3897597896751429
test_1059,0.21738399248393853
test_1060,0.5076814816109759
test_1061,0.729799413944091
test_1062,0.7086652252006721
test_1063,0.06223182107015017
test_1064,0.5149517691289394
test_1065,0.2830181296131492
test_1066,0.38303656433925937
test_1069,0.2021153137011908
test_1070,0.04764460209529101
test_1074,0.5838078929917145
test_1075,0.6811658526818463
test_1077,0.8241541317054639
test_1078,0.24486541010560467
test_1079,0.7273626426512114
test_1080,0.5174417462657539
test_1081,0.708496007994021
test_1082,0.7631240753170869
test_1083,0.8904839970622447
test_1084,0.32878841771500084
test_1085,0.737187863945459
test_1086,0.34851983544934795
test_1087,0.6954055956932208
test_1088,0.24459314226005122
test_1090,0.1457714585943986
test_1093,0.6342724229714615
test_1094,0.18497189418348417
test_1095,0.8755914200297354
test_1096,0.36384453819669255
test_1098,0.6376261378404591
test_1103,0.5031048555203451
test_1104,0.3569038054032138
test_1105,0.7993410707445885
test_1107,0.7292864668309438
test_1108,0.07659492144390777
test_1109,0.14888980534762367
test_1110,0.0638210455222949
test_1111,0.09446961974017307
test_1114,0.10299889783861438
test_1117,0.25194200223308666
test_1118,0.24415271694317842
test_1119,0.6783418883535133
test_1120,0.35422193139038155
test_1121,0.1481652040639256
test_1122,0.6174510287767837
test_1123,0.7992791848705405
test_1124,0.8436535293490978
test_1126,0.8961761995830403
test_1127,0.22026528814601345
test_1128,0.5553330690419933
test_1129,0.726365630156036
test_1133,0.16179487550051708
test_1135,0.49758277363038733
test_1136,0.11373521558203255
test_1137,0.02052823355713282
test_1138,0.022845166607333184
test_1139,0.23137610086627056
test_1143,0.46860930666858736
test_1144,0.075259535157243
test_1145,0.7575258701952983
test_1146,0.5110501953079964
test_1147,0.7907250980286532
test_1148,0.26595860266788174
test_1149,0.7169513392817857
test_1150,0.8750159669516216
test_1152,0.12039876628399832
test_1153,0.14541392888008736
test_1154,0.8960037730234807
test_1155,0.3271163324361232
test_1156,0.9125428734932364
test_1157,0.012098137219519018
test_1161,0.7503096984619277
test_1163,0.10224726265721476
test_1164,0.5970810092224528
test_1165,0.7038207048216474
test_1166,0.7220088880788393
test_1167,0.6598318593195976
test_1172,0.3532513796597707
test_1173,0.22237721797989107
test_1174,0.5791747707688298
test_1175,0.18398784516829586
test_1176,0.039680900948345345
test_1178,0.7765653847370979
test_1179,0.751615048575509
test_1180,0.6758843859613036
test_1181,0.2675161536647929
test_1182,0.4334777666807342
test_1183,0.7693799753797503
test_1184,0.7518188959293696
test_1186,0.29786410210173137
test_1187,0.1882148812289226
test_1188,0.8191302498869322
test_1189,0.21572017422025289
test_1190,0.01858554737250383
test_1192,0.824748106786786
test_1193,0.42789289189287005
test_1194,0.6360945952722129
test_1195,0.25499477942316695
test_1196,0.10114863418658186
test_1197,0.6669862718557114
test_1198,0.3158185552036746
test_1199,0.6556669928938708
test_1200,0.5637409999229156
test_1202,0.5808622698176888
test_1204,0.7763954813961116
test_1205,0.7444202206405867
test_1206,0.18041420860306445
test_1207,0.5420218819465694
test_1208,0.13263426114100618
test_1211,0.8453481615302855
test_1212,0.8500562573323275
test_1213,0.6641038381897678
test_1214,0.04014550448141547
test_1217,0.2762756842744914
test_1219,0.6883771993525345
test_1220,0.7581157695119888
test_1221,0.47323516663168363
test_1223,0.7318367842806626
test_1224,0.7790262764200968
test_1226,0.6972248145114234
test_1227,0.45769815554810317
test_1228,0.15739405483263189
test_1230,0.8285524569921405
test_1231,0.3861092078757987
test_1232,0.6005607644541636
test_1234,0.5056157271804959
test_1237,0.13412328312346125
test_1238,0.1983995689983314
test_1241,0.638962284982735
test_1243,0.30259060526572623
test_1244,0.26757501281278634
test_1249,0.6853365688111007
test_1251,0.4355024597726602
test_1253,0.562605284567413
test_1255,0.6949800066951198
test_1257,0.7215820641043996
test_1259,0.03731478327723389
test_1260,0.576288836253216
test_1261,0.6685084124619174
test_1262,0.8500547211621392
test_1263,0.6721025103420201
test_1266,0.8299107342650617
test_1267,0.8769896817273718
test_1270,0.2725893123088696
test_1271,0.25157331835006097
test_1273,0.2131436620064015
test_1274,0.7949555442804347
test_1275,0.5829488040508979
test_1276,0.2643549153490001
test_1277,0.7138140589625369
test_1281,0.6077662999722071
test_1284,0.6349037089561135
test_1287,0.579399820492518
test_1289,0.7066297079395861
test_1290,0.4214192289963263
test_1293,0.8458252558739289
test_1294,0.2062963865485694
test_1295,0.8586445692667207
test_1296,0.5236715681358987
test_1297,0.6757405103765599
test_1298,0.7813898727547176
test_1299,0.24694208651253308
test_1301,0.7115664585520589
test_1303,0.33127311057973136
test_1305,0.5603274163954054
test_1306,0.7631335883799719
test_1307,0.6437304000009338
test_1308,0.19913203026230847
test_1309,0.1007729327463647
test_1310,0.3313000621782542
test_1311,0.731744726321059
test_1312,0.6701956723850202
test_1313,0.7757990370032164
test_1314,0.11702904742508544
test_1317,0.11555562188948974
test_1320,0.6932645213873123
test_1323,0.5639977562713139
test_1325,0.6857076119013121
test_1326,0.20647021833550788
test_1329,0.8244043410514436
test_1330,0.7260686155136793
test_1332,0.7033061735761285
test_1333,0.6167404818546286
test_1334,0.186710571159577
test_1335,0.9042867470374214
test_1336,0.4461957022261817
test_1337,0.3871907577297866
test_1338,0.7793759414922625
test_1341,0.3122382399908833
test_1342,0.9300158953236246
test_1343,0.8308738704321855
test_1345,0.019573019329408792
test_1348,0.8381725617253
test_1351,0.8489009190781033
test_1353,0.8219159139119966
test_1354,0.346334455249343
test_1357,0.0624294477958796
test_1358,0.07945079028019787
test_1361,0.35326060683138777
test_1362,0.5057736385370398
test_1363,0.46326150801878546
test_1364,0.1806980098376097
test_1365,0.6683119166923
test_1366,0.7566727875442318
test_1367,0.6894312434043136
test_1369,0.11565242913027164
test_1371,0.8277400777369993
test_1372,0.02493463067139558
test_1373,0.23795932275337145
test_1375,0.6852286457623726
test_1376,0.4042929518445518
test_1379,0.7358029227273377
test_1380,0.7486980555881195
test_1381,0.42129113311388466
test_1382,0.6787500226126917
test_1383,0.16740207808643914
test_1384,0.12605315587060495
test_1385,0.5752877707466191
test_1387,0.38981557973990166
test_1388,0.65852247225908
test_1391,0.6709368485834322
test_1392,0.33462839608699396
test_1393,0.17276131887770343
test_1394,0.24626290334749007
test_1397,0.06618353594753816
test_1399,0.3803542012345037
test_1400,0.33894520926880506
test_1402,0.7838383568406874
test_1403,0.17228077724305113
test_1404,0.0088298156864979
test_1407,0.3203252477467516
test_1409,0.5367278941681083
test_1410,0.6716758477248416
test_1413,0.8557051989324813
test_1414,0.13194565890222057
test_1415,0.29940823484011914
test_1416,0.02039715451773458
test_1420,0.5970642065779408
test_1421,0.6111630646981752
test_1422,0.5829760522311489
test_1423,0.07529308966991136
test_1424,0.8789244531606603
test_1425,0.1543186725446144
test_1428,0.8168174923951411
test_1430,0.8963753420599572
test_1434,0.6141564441288215
test_1435,0.26123717043376327
test_1436,0.9177321012473879
test_1438,0.057805819053835215
test_1440,0.7603009336727837
test_1443,0.4225354933433427
test_1444,0.23928216250561815
test_1445,0.4875394284708482
test_1446,0.7295337162196716
test_1447,0.9363905212773808
test_1449,0.830303426450579
test_1450,0.8329396619976701
test_1451,0.40479036222900244
test_1453,0.7381654703702071
test_1454,0.7015299385202557
test_1455,0.6781243178505143
test_1457,0.06566443739894869
test_1458,0.8523537094165003
test_1459,0.2015865734948669
test_1461,0.3178026153292955
test_1464,0.2754339894216465
test_1465,0.3192315440350239
test_1466,0.008360790831743504
test_1467,0.25380373798665623
test_1468,0.7770970078152728
test_1469,0.2104885589922583
test_1470,0.7510860126160644
test_1471,0.2761958368741427
test_1472,0.2947749855464437
test_1473,0.22060830017108707
test_1474,0.8387621846519728
test_1475,0.4435926924888252
test_1476,0.4789024069543235
test_1477,0.72948147159656
test_1480,0.5208530930170701
test_1482,0.6980680224804106
test_1483,0.6179209760119219
test_1485,0.5795212367257571
test_1486,0.49958308508484817
test_1489,0.7017641955354829
test_1490,0.25316261426839215
test_1492,0.08250401179595968
test_1493,0.18369167228215585
test_1494,0.2424048068625379
test_1495,0.7240225085673274
test_1497,0.14713955335532333
test_1501,0.7567647895051447
test_1502,0.8730602852012623
test_1503,0.14325609216873322
test_1505,0.4474958533535028
test_1506,0.4047699189205705
test_1509,0.11302551717653561
test_1512,0.4748532388250095
test_1513,0.255513963248362
test_1515,0.37932057699305016
test_1516,0.47811422586888147
test_1520,0.43973125921531936
test_1521,0.17803314899716313
test_1523,0.39760121311780844
test_1524,0.16091995253291463
test_1525,0.7217763008582239
test_1526,0.7972852552386852
test_1527,0.6095214447377811
test_1528,0.4968963435168744
test_1529,0.730743885905397
test_1530,0.7184967176417264
test_1531,0.9294407380701522
test_1532,0.21101423291371274
test_1533,0.7157418846267597
test_1534,0.7510064016897734
test_1535,0.5559414150742865
test_1537,0.04692189913581024
test_1541,0.6973629682718007
test_1542,0.0032250041185212302
test_1544,0.09964497605238044
test_1546,0.0683111782417217
test_1548,0.490524531644938
test_1549,0.4416516951218544
test_1554,0.510655122362607
test_1555,0.14572504827744906
test_1557,0.07682501116642011
test_1559,0.684139603346213
test_1560,0.7228631787695994
test_1562,0.1963551364837256
test_1563,0.44654544310075084
test_1564,0.5598263517796415
test_1566,0.4358343444876019
test_1567,0.08667959023345247
test_1568,0.6159943838918241
test_1569,0.5454016186783247
test_1570,0.6681869403603212
test_1571,0.7372630586381567
test_1572,0.0803261140142206
test_1575,0.07155562897336998
test_1576,0.37190102794347785
test_1577,0.7836465189602004
test_1578,0.6749756948164788
test_1580,0.7113324376039387
test_1581,0.11615800758769712
test_1582,0.22994669849484276
test_1583,0.7784960285267283
test_1586,0.14747416160264096
test_1587,0.09582843084789465
test_1588,0.3591159189199652
test_1592,0.19254944433735094
test_1593,0.7145576785625692
test_1595,0.41752313627349474
test_1600,0.2591107163633816
test_1601,0.6545983127084576
test_1602,0.7208610930321722
test_1603,0.6952641232632701
test_1606,0.6009389868735504
test_1607,0.33128723125234455
test_1608,0.6677695862231504
test_1609,0.7091923197215593
test_1610,0.8614431076773421
test_1611,0.10087994472090019
test_1612,0.5191992549785064
test_1613,0.5503316389623547
test_1614,0.8655013015318824
test_1617,0.11263856085814043
test_1618,0.1490685119031102
test_1619,0.09102057616523472
test_1620,0.4241334086768965
test_1621,0.6104852262730737
test_1622,0.7344074885235394
test_1624,0.38063869351299784
test_1625,0.26811427765645285
test_1627,0.7098109508812945
test_1628,0.48756807883970105
test_1631,0.1500337129131803
test_1632,0.2418630753215441
test_1634,0.6774963686935407
test_1636,0.02140543088829432
test_1639,0.6442878250258741
test_1641,0.4908223959658069
test_1643,0.6583692687245153
test_1646,0.3443830116241784
test_1648,0.2761551696972772
test_1649,0.3696294086877795
test_1650,0.43972883869054813
test_1652,0.7070972365660978
test_1653,0.7347586550343495
test_1655,0.7100535939809076
test_1657,0.9475677315878704
test_1658,0.6489369536685411
test_1659,0.7046813079745572
test_1660,0.318590353815756
test_1661,0.2591682742279718
test_1662,0.20548828999565638
test_1663,0.5824585168511416
test_1664,0.4963302764441861
test_1665,0.3705344198287988
test_1666,0.45883681613626354
test_1667,0.40475032021451357
test_1669,0.7215890934064259
test_1670,0.46304989369993155
test_1671,0.5481021211643591
test_1672,0.6496794976237066
test_1674,0.6662511685051185
test_1677,0.11744222043909895
test_1678,0.6356796271530709
test_1679,0.8800576179979995
test_1681,0.3751667719124455
test_1683,0.26771106405245526
test_1684,0.059608137649113394
test_1685,0.798293496243807
test_1687,0.3062100737328837
test_1688,0.29100365362971675
test_1690,0.7291348899207531
test_1692,0.23677227181609006
test_1696,0.5580599352773059
test_1697,0.037653098603823806
test_1698,0.7410869085342146
test_1699,0.745199938999556
test_1704,0.7988716859611419
test_1705,0.2364909323004607
test_1707,0.6420932585814748
test_1708,0.6388290484049142
test_1709,0.7398572988721313
test_1710,0.6610226608078581
test_1712,0.7021222618836398
test_1713,0.793865316062234
test_1715,0.6785152961001112
test_1716,0.2897385124704048
test_1717,0.0550892996340027
test_1721,0.5105781847068958
test_1723,0.22241344432654875
test_1724,0.030834083633678122
test_1725,0.7085919327926932
test_1726,0.7888924097869413
test_1727,0.013763022788910022
test_1728,0.6091778288924594
test_1729,0.19858346522443587
test_1730,0.7685170996122166
test_1731,0.4928544583085852
test_1733,0.6694418540463608
test_1734,0.10640258158570044
test_1735,0.1181497863982724
test_1736,0.4840490077365235
test_1737,0.28231406443468376
test_1738,0.36332478658813655
test_1740,0.8399931377710037
test_1743,0.6477560137618559
test_1744,0.137102815918261
test_1745,0.8873573278612754
test_1747,0.6112278270768795
test_1748,0.26052296800877256
test_1750,0.23608478101174318
test_1751,0.05748599521702147
test_1752,0.45290893933922727
test_1753,0.17753573867876443
test_1754,0.4668758113861209
test_1756,0.25580394140880136
test_1757,0.913092404599262
test_1759,0.6987947650345837
test_1760,0.37935470212028616
test_1762,0.6414590225400918
test_1763,0.3448665700058001
test_1764,0.27244962143269774
test_1765,0.849736547133408
test_1766,0.8165918011848872
test_1767,0.6643585534064586
test_1768,0.3462488207676698
test_1769,0.8634952404086631
test_1771,0.7317000870348113
test_1772,0.19943511730862143
test_1773,0.28957579965505914
test_1774,0.741841446377505
test_1775,0.15459315790372846
test_1776,0.42373360767219015
test_1777,0.160778859065906
test_1779,0.8164218634102127
test_1781,0.5057885541887832
test_1784,0.5729848572671544
test_1785,0.5007398738342905
test_1786,0.8588453439904982
test_1787,0.6220706722295706
test_1788,0.15945112684755905
test_1790,0.1381947161899917
test_1792,0.2662695287532568
test_1794,0.05334630937937118
test_1795,0.9074036246206807
test_1797,0.3170056595101775
test_1799,0.6438420826603728
test_1804,0.6114985658503842
test_1806,0.5647825257732605
test_1808,0.15182344254928967
test_1809,0.900185819158415
test_1811,0.116169556634402
test_1812,0.17476371924275008
test_1813,0.8047289702746048
test_1814,0.8393272570870501
test_1815,0.5548570536721728
test_1816,0.7610557868716298
test_1818,0.6687082910834328
test_1819,0.4631318445220366
test_1820,0.5342787314440384
test_1821,0.5587857112176894
test_1823,0.075696113700125
test_1824,0.6755236585604443
test_1825,0.20208944188572808
test_1827,0.06593731906953679
test_1828,0.21272687928701922
test_1829,0.3019206479639066
test_1830,0.41925193322508486
test_1831,0.06122519252085744
test_1832,0.6136753863736916
test_1833,0.4241580455823216
test_1836,0.4852434371447005
test_1837,0.7691163146702368
test_1838,0.133083908300056
test_1840,0.03530899610960626
test_1841,0.20035576023406276
test_1843,0.21230680607747754
test_1844,0.2406225901682983
test_1846,0.6207932547818046
test_1847,0.7460532379471222
test_1848,0.6574719293928879
test_1850,0.261252622064056
test_1851,0.7752185836598285
test_1852,0.4268742388756547
test_1853,0.820923750084475
test_1854,0.4937585608540968
test_1856,0.013429945981278557
test_1858,0.7924815198323569
test_1860,0.37960576001217206
test_1864,0.13392613141877274
test_1866,0.13366999566710153
test_1867,0.8375403294650501
test_1868,0.21662859090586553
test_1870,0.5975812258906605
test_1872,0.8883351706638091
test_1873,0.8458252558739289
test_1874,0.2075471971480816
test_1876,0.480804271796016
test_1877,0.7213965390734942
test_1878,0.21164787389415834
test_1879,0.12584761221726543
test_1880,0.37688349318905323
test_1882,0.5940825949901974
test_1886,0.2981675919411603
test_1887,0.3938001942927819
test_1888,0.2853359179028608
test_1892,0.5852054140147938
test_1896,0.48080842160741794
test_1897,0.7796604853209795
test_1898,0.281807559404066
test_1899,0.508899206694215
test_1900,0.41165809447391327
test_1902,0.1300530698102625
test_1904,0.5932011954273471
test_1905,0.24165476562284174
test_1906,0.7769331556239878
test_1907,0.8063458656191227
test_1909,0.5959637888453907
test_1911,0.5920350170443314
test_1914,0.6756721834828741
test_1915,0.6331337802275032
test_1918,0.15477238083363584
test_1921,0.6597408656451809
test_1922,0.48869298037431563
test_1927,0.605656237722414
test_1928,0.2255480606467239
test_1930,0.5715348602767534
test_1931,0.4681183449598632
test_1932,0.04803102732893869
test_1933,0.7158584148173616
test_1934,0.6773294336723522
test_1935,0.6593785846847573
test_1937,0.6871412361996508
test_1938,0.6548455053950233
test_1939,0.7267695931889459
test_1941,0.7605760785894633
test_1942,0.23182316565677738
test_1943,0.7766076347483067
test_1945,0.062241747938837036
test_1946,0.7837481000188288
test_1947,0.794561194101006
test_1948,0.7528228629612321
test_1949,0.8231925923893344
test_1951,0.5911471742661856
test_1952,0.21451085410625045
test_1954,0.509472864784923
test_1955,0.2889923983097558
test_1956,0.22622979168235052
test_1957,0.10840924031367857
test_1959,0.822896249862305
test_1960,0.17118731644041504
test_1961,0.6074037905055552
test_1967,0.21253369215744827
test_1969,0.3257828640520231
test_1970,0.5627569760831409
test_1971,0.4645990677566982
test_1972,0.9118005266045386
test_1973,0.21667133855165274
test_1975,0.7952556123941132
test_1976,0.49220824090272125
test_1977,0.48317640712960397
test_1978,0.7707117759247157
test_1979,0.5735460537752534
test_1980,0.4775433262636463
test_1982,0.7837743407840144
test_1983,0.38091963640412424
test_1984,0.30014999208967336
test_1985,0.6937916054737868
test_1986,0.2382423710402799
test_1987,0.6109115585568486
test_1988,0.5682432660791418
test_1989,0.8062258099897028
test_1990,0.6073720343704897
test_1991,0.43214467057003936
test_1992,0.07800318351668496
test_1993,0.7099221725153915
test_1994,0.6778547384016362
test_1996,0.574867338735809
test_1999,0.6603048988519543
test_2000,0.10826209471990549
test_2002,0.21826488840578823
test_2004,0.08291464013228186
test_2005,0.005934315381929717
test_2007,0.27924979624312923
test_2010,0.773462493665485
test_2011,0.6516184480081326
test_2012,0.7276397799937109
test_2014,0.25044124926939487
test_2015,0.036809919701665514
test_2016,0.7174700461506999
test_2017,0.6846513053191011
test_2018,0.6714571410272584
test_2019,0.6743067440144105
test_2020,0.07321054043614023
test_2021,0.03883430831768477
test_2022,0.2896735328227852
test_2023,0.18225161611529175
test_2024,0.8090300714181299
test_2026,0.3702434578355935
test_2027,0.7527025630242544
test_2028,0.5642922830333178
test_2030,0.873230792304723
test_2031,0.08727826786649039
test_2032,0.6737425937230779
test_2034,0.7710843152473684
test_2035,0.24741808116141942
test_2036,0.7715121741990628
test_2037,0.04879766755737617
test_2038,0.786275517816236
test_2039,0.662620040807388
test_2041,0.4821485431139502
test_2043,0.3570528999219019
test_2044,0.48060520549
test_2046,0.8036902707946365
test_2049,0.7909785761919755
test_2051,0.780986821968187
test_2052,0.32456305900577465
test_2053,0.5770958536399556
test_2054,0.5425483303383355
test_2055,0.48191164352944404
test_2058,0.7617279848921612
test_2060,0.8237595097284779
test_2061,0.8709304492123762
test_2063,0.1432116488460203
test_2064,0.8569699206753343
test_2065,0.1659393728288572
test_2066,0.5398959574004266
test_2070,0.10999206725638472
test_2071,0.6549918909770941
test_2073,0.6722240181568702
test_2074,0.7103755900117775
test_2076,0.6679679449033159
test_2077,0.8804686324397251
test_2078,0.4113067148289638
test_2079,0.41954885489366534
test_2080,0.7828192913869896
test_2081,0.7721271242603002
test_2082,0.45297449716534405
test_2084,0.05446578650428232
test_2086,0.5600578867503812
test_2087,0.5732969820116932
test_2088,0.34518496837707474
test_2093,0.35560431908031487
test_2094,0.7367344526676735
test_2095,0.3742697511825937
test_2096,0.7434763900864942
test_2097,0.16059847699502433
test_2098,0.7059073945892074
test_2099,0.6981193463732733
test_2100,0.13216392929509563
test_2101,0.6427968103281073
test_2102,0.11497126544559107
test_2104,0.9210779957721458
test_2106,0.5009665309413286
test_2111,0.6727797587556125
test_2113,0.26048111631913873
test_2114,0.127666828829121
test_2116,0.4826822417133632
test_2117,0.07028352448563284
test_2119,0.6311683507658097
test_2121,0.6935150281192326
test_2122,0.30039818845276506
test_2124,0.2518512519645856
test_2125,0.3603661915804136
test_2126,0.5507721465550458
test_2127,0.2665363322064818
test_2128,0.236001803864749
test_2129,0.6418580419787335
test_2130,0.6292031540469782
test_2131,0.7396787903199419
test_2133,0.5174565361087262
test_2134,0.4361913632878687
test_2135,0.1542200771969528
test_2138,0.7260506532512851
test_2139,0.1586391099142678
test_2140,0.5144649651483572
test_2141,0.03354098530793833
test_2143,0.6598238420814604
test_2145,0.7138747969080944
test_2147,0.7140791752645579
test_2148,0.36399310787333083
test_2151,0.6181307388120019
test_2153,0.7202335059109639
test_2155,0.1584061801042614
test_2157,0.16410826243335921
test_2158,0.885010529563916
test_2159,0.11730136039196008
test_2160,0.6329162919436521
test_2161,0.47881828958005074
test_2162,0.763956495511182
test_2163,0.10977012282940134
test_2164,0.08921016843543195
test_2166,0.5586601229314934
test_2168,0.06018632894538195
test_2169,0.10476646923973601
test_2170,0.548860838447322
test_2172,0.17414158267202892
test_2173,0.8271988372621213
test_2174,0.548099947944044
test_2176,0.15274734624439015
test_2177,0.7061439935566377
test_2179,0.7481132950069345
test_2180,0.10216265223102007
test_2181,0.46928530208084873
test_2182,0.5273157172530348
test_2183,0.06480677613861781
test_2186,0.8130318528312951
test_2187,0.29828457456498725
test_2188,0.2850571495489628
test_2189,0.18436984205898765
test_2190,0.2633579453801556
test_2192,0.12351184750645637
test_2193,0.29353006526213143
test_2195,0.2512322373701026
test_2197,0.8230678782798618
test_2198,0.7973529536701093
test_2199,0.8643271820269911
test_2200,0.5612645592344598
test_2202,0.21001805354208927
test_2203,0.08943712748310888
test_2206,0.6365820158786799
test_2207,0.3183498779399216
test_2209,0.015337878507533398
test_2211,0.1398547447485198
test_2213,0.49602125300952477
test_2214,0.5863701353622489
test_2215,0.7716237062714771
test_2216,0.7061204361539275
test_2218,0.2304032873889815
test_2219,0.5043829099206015
test_2220,0.6910935333832868
test_2221,0.10461392659620244
test_2222,0.6183177546333802
test_2224,0.8948350810139932
test_2226,0.8213133088424915
test_2227,0.5378095443045815
test_2228,0.08365015395794533
test_2229,0.5154551530391279
test_2230,0.03459608443160327
test_2231,0.7263718631832011
test_2233,0.6445690458336644
test_2234,0.6766334472156934
test_2235,0.803145371434032
test_2236,0.30430803092111747
test_2237,0.6890147243640965
test_2239,0.7438789907980193
test_2241,0.31043463849704467
test_2242,0.796873541571812
test_2245,0.13908608667152417
test_2246,0.04538740066229911
test_2247,0.4651191720532813
test_2249,0.7561888684284709
test_2251,0.12372988284970857
test_2252,0.07831381496443188
test_2254,0.6859556842709391
test_2255,0.798823421317339
test_2256,0.13030107485394887
test_2259,0.7863124285090158
test_2260,0.7792585332248038
test_2261,0.6221667560578727
test_2264,0.380406921497621
test_2265,0.501308153148086
test_2266,0.8318476638591067
test_2267,0.20457692244600006
test_2268,0.6509063477078193
test_2270,0.2079334819769113
test_2273,0.43968269881224376
test_2274,0.7698752495924244
test_2275,0.6212302481255962
test_2278,0.824862303944068
test_2279,0.021130495410901604
test_2280,0.6454902497822863
test_2282,0.6667705539697112
test_2283,0.4428691497305962
test_2285,0.5719795948441962
test_2287,0.28014386218494414
test_2290,0.3713122638476462
test_2293,0.38993974427787176
test_2295,0.46155638895692586
test_2299,0.11977762895408307
test_2300,0.11011202406463702
test_2302,0.046276617987556584
test_2303,0.6975327366645512
test_2306,0.0879506306426807
test_2309,0.03810770996045597
test_2312,0.3010652645255272
test_2314,0.14755140170743955
test_2315,0.5845863888415532
test_2316,0.25178518100904895
test_2317,0.30875942478241114
test_2319,0.20134516732770347
test_2320,0.7950205724391629
test_2322,0.6249980102547379
test_2323,0.6666040256413206
test_2326,0.47756444344781784
test_2328,0.15268499307149072
test_2330,0.38143484307209224
test_2332,0.8361800887359863
test_2333,0.5898784391684647
test_2334,0.8258019495584578
test_2335,0.7455831731895739
test_2337,0.6099556274242338
test_2338,0.5385618601331879
test_2339,0.49210684085232104
test_2340,0.5723525232401155
test_2341,0.24286615448215573
test_2343,0.27967884602711385
test_2344,0.8570061193265073
test_2345,0.10147269293311942
test_2346,0.7720253698329209
test_2348,0.5288833069528773
test_2349,0.0875936974162107
test_2352,0.6286604708841689
test_2353,0.6073808149924443
test_2354,0.3123585040587086
test_2356,0.8244403750627279
test_2357,0.41520400067807206
test_2358,0.3931567985513327
test_2362,0.14703024296464456
test_2364,0.22212677610902626
test_2365,0.09278704130035356
test_2367,0.5464108765406529
test_2368,0.6626570914634498
test_2371,0.7522604670925874
test_2373,0.805899354430101
test_2374,0.41776701502020325
test_2375,0.6807782237552081
test_2377,0.7700380912301966
test_2378,0.29034225047059437
test_2379,0.35475671622762533
test_2380,0.4112712262617229
test_2381,0.29917002466857395
test_2382,0.5652655056505705
test_2385,0.08987609021742829
test_2386,0.5002434115166815
test_2389,0.6416174201773873
test_2390,0.24487628319866792
test_2391,0.2432658287288323
test_2393,0.031788686728021646
test_2394,0.42266077140281877
test_2396,0.732316528640097
test_2400,0.14155220391396056
test_2401,0.44016649574878397
test_2402,0.18220357395107406
test_2404,0.49465313186711496
test_2405,0.3740438808817224
test_2406,0.16234519665912198
test_2407,0.7435781782098018
test_2409,0.2502990319647616
test_2410,0.7647553956301799
test_2412,0.16084803794355293
test_2413,0.5291967230243806
test_2414,0.7336092379993331
test_2416,0.401221145634155
test_2417,0.7006758783777352
test_2418,0.4060773886267682
test_2420,0.19258188942574703
test_2423,0.3253443091292865
test_2424,0.28671161369484505
test_2425,0.8450245127843571
test_2426,0.019737164590177318
test_2428,0.07242463004052858
test_2429,0.7447650497224118
test_2430,0.19229835759590144
test_2431,0.13492611575810234
test_2433,0.8487406865012367
test_2434,0.5831372318135801
test_2435,0.28578680522554156
test_2436,0.7109073013801375
test_2437,0.381442166210632
test_2438,0.5557508517113876
test_2439,0.127832734228191
test_2440,0.6262265263098841
test_2441,0.8933800085484512
test_2443,0.17836977176264154
test_2444,0.03501415590694316
test_2446,0.24680826591918503
test_2447,0.7800839709714854
test_2448,0.584435523259754
test_2449,0.7680899932463481
test_2450,0.21251022871579606
test_2451,0.12162003858395466
test_2452,0.6424011619807765
test_2453,0.616891217628866
test_2454,0.4773670507621102
test_2455,0.9168179476056352
test_2456,0.7071657684261172
test_2457,0.8335044373707033
test_2458,0.8823962876254609
test_2459,0.4812948122876028
test_2460,0.7409971511821467
test_2462,0.27661838097290425
test_2464,0.48879297812891426
test_2468,0.556303382564476
test_2470,0.6907843365843499
test_2471,0.5981575086244405
test_2473,0.2566237500392899
test_2475,0.3813319006105295
test_2476,0.041295406616944905
test_2477,0.0030533502473578944
test_2481,0.22526146325181845
test_2482,0.6668734881936738
test_2484,0.4670359805654648
test_2485,0.7789471156253885
test_2486,0.6749604825939843
test_2487,0.15246543440533686
test_2489,0.1212173525455551
test_2492,0.6963935214825033
test_2493,0.7546003200945689
test_2494,0.6735275512279779
test_2495,0.09869480375014669
test_2496,0.6659695151118097
test_2497,0.011136144035092286
test_2499,0.6587556367197204
test_2500,0.9275055399026088
test_2502,0.12849657945572263
test_2503,0.03578140372638897
test_2504,0.31773709483904417
test_2505,0.07271018953449881
test_2506,0.806718848445894
test_2509,0.0395210503035411
test_2510,0.5132713660090081
test_2511,0.0759813744402495
test_2513,0.6856305045737083
test_2516,0.7120187275639687
test_2517,0.8198857877928618
test_2518,0.7026707786875113
test_2520,0.44247337722820507
test_2523,0.27114794869554737
test_2524,0.8113309364273491
test_2525,0.5569435444713752
test_2528,0.24865445685808785
test_2531,0.28227138478922076
test_2532,0.5089464739056948
test_2533,0.3738219803617108
test_2534,0.902588458680473
test_2535,0.19142847661688803
test_2537,0.6249870051829354
test_2540,0.677752146987381
test_2541,0.7947614817671966
test_2542,0.20893069816081064
test_2544,0.801515156288205
test_2545,0.6959929647363554
test_2547,0.7720442563869712
test_2549,0.8903050857032642
test_2553,0.16684834323482625
test_2556,0.0736056861381407
test_2557,0.36478710569843265
test_2558,0.19785752812839702
test_2560,0.1509834729583002
test_2561,0.48225435512664633
test_2562,0.20033884565263205
test_2563,0.21743201363409395
test_2564,0.015129511700757284
test_2565,0.4318879082302927
test_2566,0.5480124823523428
test_2567,0.8011045937712792
test_2571,0.37176994190159907
test_2572,0.20882901898693562
test_2574,0.032337778812437164
test_2575,0.8519115426836541
test_2576,0.32089032665890804
test_2577,0.8568473048705852
test_2578,0.5541630828780596
test_2579,0.16757113059899625
test_2581,0.6548449466409401
test_2582,0.7758437820431048
test_2583,0.3452455505656673
test_2584,0.12009379221025447
test_2585,0.37085595544847844
test_2586,0.22765996405023523
test_2587,0.7296802490873688
test_2588,0.13314183948569172
test_2590,0.3492090314681354
test_2593,0.642342060932061
test_2595,0.8676548089997633
test_2596,0.7097332608767428
test_2597,0.7315019773365941
test_2598,0.3885694398931283
test_2600,0.6784248424136764
test_2602,0.7675538880589169
test_2603,0.46438261326512886
test_2604,0.7595855104500856
test_2605,0.8005334075907122
test_2606,0.13843481374840974
test_2608,0.01838979948773623
test_2610,0.9217671466287426
test_2611,0.7697272432001953
test_2612,0.8631570909041395
test_2613,0.5815126047999755
test_2614,0.8841974857639535
test_2616,0.5640698679689785
test_2617,0.5377542328008327
test_2620,0.2760797541688377
test_2623,0.4499163881474544
test_2624,0.7327490660226071
test_2625,0.5938098970486122
test_2626,0.5634777474479976
test_2629,0.2692761824112696
test_2632,0.6197440501738639
test_2634,0.8129300112315228
test_2635,0.31610328441492147
test_2638,0.34109223604529176
test_2639,0.850873019443133
test_2640,0.21106165344774386
test_2641,0.45368705380636426
test_2642,0.8916555893273094
test_2643,0.7259819349365562
test_2646,0.29550093908326397
test_2648,0.5178777895709411
test_2649,0.8609827106426384
test_2651,0.6239638954461422
test_2652,0.8978060195395309
test_2653,0.610548075586248
test_2654,0.3855944004629634
test_2656,0.6029640494862674
test_2659,0.7205519038528468
test_2662,0.0755631415953291
test_2663,0.08267701794620931
test_2664,0.23955790528779392
test_2665,0.6928344009152009
test_2669,0.30316483742553724
test_2671,0.8124248553166927
test_2673,0.8606725265860623
test_2676,0.2558123718895836
test_2677,0.7094696633495605
test_2678,0.5782455291044526
test_2681,0.5610490878098772
test_2682,0.42829751383104986
test_2683,0.1112600658078271
test_2685,0.5439147404522973
test_2686,0.781849649624783
test_2687,0.13666668072003052
test_2689,0.1206794585903282
test_2693,0.39964133626497034
test_2694,0.699023835333777
test_2696,0.50052664078067
test_2699,0.3359381484561027
test_2700,0.15297277489595393
test_2701,0.6795424475816373
test_2702,0.6899250829102406
test_2703,0.1296672056697798
test_2704,0.8742704211265805
test_2705,0.6480114218201432
test_2707,0.21050902778278804
test_2708,0.3687031320404893
test_2709,0.048462036472044265
test_2710,0.7723888347037305
test_2711,0.8162632231241004
test_2712,0.7022817751740121
test_2713,0.19149705744737827
test_2714,0.5943520026692343
test_2715,0.4110167950156689
test_2716,0.1350914235831619
test_2717,0.8218883195273418
test_2718,0.8307296809735791
test_2721,0.8283037669842122
test_2722,0.2640175197263016
test_2723,0.24459314226005122
test_2724,0.33038387512063533
test_2725,0.6480435132813954
test_2726,0.21023425353286043
test_2727,0.597783545311754
test_2728,0.4152608317635737
test_2729,0.12293449732861764
test_2731,0.16707529241678926
test_2732,0.545968297386447
test_2733,0.6755160993999185
test_2735,0.5588770885836667
test_2736,0.6673969261948951
test_2739,0.8699856668485861
test_2740,0.3138711328548751
test_2741,0.2867264697144003
test_2742,0.28829694048333454
test_2743,0.02960772673201136
test_2746,0.9158702744332197
test_2748,0.3280595370947819
test_2749,0.6542354236449256
test_2750,0.8072337227403198
test_2751,0.8920824775434381
test_2752,0.20940692043645484
test_2753,0.8662992330454631
test_2754,0.24629916565270205
test_2755,0.2539484997717682
test_2756,0.47410264889513937
test_2757,0.29474151200459076
test_2758,0.7281894825972799
test_2759,0.6096554338358375
test_2761,0.4119384375910581
test_2762,0.10532227941748167
test_2766,0.3727606115140695
test_2772,0.22887483633831512
test_2773,0.6282961411943673
test_2774,0.2459552536839512
test_2775,0.6339161816394497
test_2776,0.7035917613589661
test_2780,0.6657224455178062
test_2782,0.7548311209077432
test_2783,0.7653619327064842
test_2784,0.5470648894655723
test_2785,0.6633714436779049
test_2787,0.8028870080596701
test_2788,0.187660186639922
test_2789,0.6454029057193402
test_2791,0.6472441494841082
test_2792,0.48005385683728236
test_2794,0.3924142474594295
test_2795,0.5474487736186908
test_2796,0.21867212340977016
test_2798,0.49546060886647986
test_2800,0.25295923552030497
test_2801,0.10058223281100985
test_2802,0.7360710698768879
test_2804,0.5692513789926325
test_2805,0.44104774570120486
test_2809,0.04346238018607346
test_2813,0.681031626838394
test_2816,0.36486960712022826
test_2819,0.3105479133997943
test_2820,0.8940012754364766
test_2821,0.7083627621208007
test_2823,0.7294508707167201
test_2824,0.0638809049670202
test_2825,0.39132889806773696
test_2826,0.6819036590790121
test_2827,0.1936033375115574
test_2829,0.4871780393203086
test_2830,0.8291793673691091
test_2831,0.2599929912941211
test_2832,0.7096282149071257
test_2833,0.9580689041588537
test_2834,0.05980812861215323
test_2838,0.4717436108309801
test_2839,0.718169224275659
test_2840,0.751624981921218
test_2842,0.6603950924353934
test_2843,0.5360859315392679
test_2845,0.19367080699993436
test_2846,0.05621994264349908
test_2848,0.7381891934846997
test_2849,0.7509563409876262
test_2851,0.198460030657512
test_2852,0.421366712328245
test_2853,0.41309637042106717
test_2854,0.5354301103660664
test_2855,0.2023273713255783
test_2856,0.7718613654119986
test_2857,0.2689604594156557
test_2858,0.8342039799453961
test_2860,0.2668980042376985
test_2861,0.792728674274269
test_2862,0.053186129199709595
test_2864,0.14436362815549345
test_2866,0.013815668298303926
test_2867,0.7697139182916363
test_2874,0.17134358764666874
test_2875,0.606509284957548
test_2876,0.3612125443411044
test_2877,0.5963326729531129
test_2879,0.6060862531702672
test_2880,0.3237323681917809
test_2881,0.7054823754087375
test_2882,0.580406273425686
test_2883,0.8052226457850998
test_2884,0.27720935961497783
test_2885,0.49348793746568426
test_2886,0.16506904077584045
test_2888,0.00868705904272663
test_2889,0.12532214784254667
test_2890,0.6621212996764808
test_2893,0.8412373977194878
test_2894,0.7458420542271634
test_2895,0.7196512149883522
test_2896,0.16281389438651164
test_2897,0.7216847070670037
test_2899,0.6661099168988912
test_2900,0.27550756657701714
test_2901,0.6921759197734558
test_2902,0.3286114098432111
test_2905,0.7692902002490721
test_2906,0.033482135430944894
test_2907,0.829698967089637
test_2910,0.10452594447147329
test_2911,0.789074037492881
test_2912,0.7116810841616658
test_2913,0.702610356588819
test_2914,0.6002007168626592
test_2916,0.4668320179612186
test_2917,0.7806631278088147
test_2918,0.040765723502317754
test_2920,0.7948236695340914
test_2921,0.5871588607336794
test_2924,0.6772765079647017
test_2925,0.841823153932405
test_2926,0.12913717101083613
test_2927,0.843289280902502
test_2929,0.03086576405600672
test_2930,0.7791628410151704
test_2931,0.185276829860661
test_2932,0.8339711167887472
test_2934,0.7296809749135903
test_2936,0.18325474734028777
test_2937,0.599738293038052
test_2940,0.805477252112682
